{
  "load_summary": {
    "count": 120,
    "schedule_delay": {
      "mean": 0.004631344552035443,
      "min": 0.0010714830132201314,
      "max": 0.08592896710615605,
      "p0.1": 0.0010934982224134729,
      "p1": 0.0012686667614616454,
      "p5": 0.0015522231231443584,
      "p10": 0.0018073459155857562,
      "p25": 0.0023178621486295015,
      "median": 0.0027148216613568366,
      "p75": 0.0032292073010466993,
      "p90": 0.003654763125814498,
      "p95": 0.004095328558469191,
      "p99": 0.07452686882112175,
      "p99.9": 0.08457627566042372
    }
  },
  "successes": {
    "count": 119,
    "latency": {
      "request_latency": {
        "mean": 205.80717046781513,
        "min": 187.22577859996818,
        "max": 228.9785549789667,
        "p0.1": 187.3902198074602,
        "p1": 189.39923592709238,
        "p5": 193.71015190479812,
        "p10": 196.67497647302224,
        "p25": 200.97414295951603,
        "median": 204.32626897806767,
        "p75": 212.21272643195698,
        "p90": 215.14091496940236,
        "p95": 218.65683778697857,
        "p99": 224.57898499107452,
        "p99.9": 228.5280103032485
      },
      "normalized_time_per_output_token": {
        "mean": 0.09897839316689772,
        "min": 0.03783738177632605,
        "max": 4.849500589636261,
        "p0.1": 0.03793148813503299,
        "p1": 0.038635232130007906,
        "p5": 0.03874776831878673,
        "p10": 0.039417204759556124,
        "p25": 0.04022632263193664,
        "median": 0.04098250842192768,
        "p75": 0.04251821902874341,
        "p90": 0.04338393591822624,
        "p95": 0.04395801556575496,
        "p99": 1.7332431353034523,
        "p99.9": 4.525491451236721
      },
      "time_per_output_token": {
        "mean": 0.03614111219431644,
        "min": 0.03489152600260812,
        "max": 0.03681515435407832,
        "p0.1": 0.03489306282964738,
        "p1": 0.034918805277221514,
        "p5": 0.03520763014422031,
        "p10": 0.035261183109876026,
        "p25": 0.03568856114535225,
        "median": 0.036186199872801084,
        "p75": 0.036669289916839515,
        "p90": 0.0367719623780802,
        "p95": 0.03678737629744516,
        "p99": 0.03681373262892196,
        "p99.9": 0.03681499458566958
      },
      "time_to_first_token": {
        "mean": 24.947174763753072,
        "min": 12.608288798946887,
        "max": 46.2090155989863,
        "p0.1": 12.769745539596304,
        "p1": 14.398957679555751,
        "p5": 16.681858492433093,
        "p10": 17.523894956172445,
        "p25": 19.128039415052626,
        "median": 22.238638820010237,
        "p75": 30.52482588950079,
        "p90": 34.369892273773445,
        "p95": 37.58591292710043,
        "p99": 45.471403046443584,
        "p99.9": 46.13949582877477
      },
      "inter_token_latency": {
        "mean": 0.03614107266862783,
        "min": 5.959998816251755e-06,
        "max": 1.2851826190017164,
        "p0.1": 0.006578244577976875,
        "p1": 0.02122952471487224,
        "p5": 0.027076100517297162,
        "p10": 0.029197455232497303,
        "p25": 0.03146198723698035,
        "median": 0.03606799244880676,
        "p75": 0.03922754441737197,
        "p90": 0.0415891862125136,
        "p95": 0.0434281908615958,
        "p99": 0.05251854472095152,
        "p99.9": 0.14077954556292402
      }
    },
    "throughput": {
      "input_tokens_per_sec": 18369.5248429307,
      "output_tokens_per_sec": 1763.7105778596926,
      "total_tokens_per_sec": 20133.23542079039,
      "requests_per_sec": 0.3592035536128089
    },
    "prompt_len": {
      "mean": 51139.596638655465,
      "min": 51009.0,
      "max": 51269.0,
      "p0.1": 51009.472,
      "p1": 51019.12,
      "p5": 51074.7,
      "p10": 51092.2,
      "p25": 51112.0,
      "median": 51141.0,
      "p75": 51169.0,
      "p90": 51189.6,
      "p95": 51204.5,
      "p99": 51225.46,
      "p99.9": 51263.926
    },
    "output_len": {
      "mean": 4910.058823529412,
      "min": 44.0,
      "max": 5224.0,
      "p0.1": 49.31,
      "p1": 920.2399999999997,
      "p5": 4955.9,
      "p10": 4971.6,
      "p25": 4992.0,
      "median": 5000.0,
      "p75": 5001.0,
      "p90": 5001.0,
      "p95": 5001.0,
      "p99": 5001.0,
      "p99.9": 5197.686000000004
    }
  },
  "failures": {
    "count": 1,
    "request_latency": {
      "mean": 0.2537887590005994,
      "min": 0.2537887590005994,
      "max": 0.2537887590005994,
      "p0.1": 0.2537887590005994,
      "p1": 0.2537887590005994,
      "p5": 0.2537887590005994,
      "p10": 0.2537887590005994,
      "p25": 0.2537887590005994,
      "median": 0.2537887590005994,
      "p75": 0.2537887590005994,
      "p90": 0.2537887590005994,
      "p95": 0.2537887590005994,
      "p99": 0.2537887590005994,
      "p99.9": 0.2537887590005994
    },
    "prompt_len": {
      "mean": 51130.0,
      "min": 51130.0,
      "max": 51130.0,
      "p0.1": 51130.0,
      "p1": 51130.0,
      "p5": 51130.0,
      "p10": 51130.0,
      "p25": 51130.0,
      "median": 51130.0,
      "p75": 51130.0,
      "p90": 51130.0,
      "p95": 51130.0,
      "p99": 51130.0,
      "p99.9": 51130.0
    }
  }
}